id;name;location;date
1;Chair Oklahoma navigating;grid-enabled secondary service-desk;2021-03-19T11:48:25
2;Rubber interface Netherlands;Integrated Investment Account models;2021-03-19T00:28:57
3;Specialist Clothing generating;withdrawal;2021-03-19T06:18:17
4;Australia;XML Berkshire hard drive;2021-03-19T00:26:02
5;Officer Analyst ubiquitous;bypass software granular;2021-03-19T13:48:56
6;e-business;auxiliary Bedfordshire;2021-03-19T00:04:08
7;technologies Sleek Wooden Pants;dynamic Music throughput;2021-03-19T09:14:33
8;South Carolina panel;Facilitator invoice;2021-03-19T05:12:11
9;Cambridgeshire mobile;hub;2021-03-18T22:00:06
10;Hat Buckinghamshire;portal intuitive Applications;2021-03-19T13:18:07
